Date,Date1,Rel_Date,toxicity,severe_toxicity,obscene,threat,insult,identity_attack,toxicity_flag,severe_toxicity_flag,obscene_flag,threat_flag,insult_flag,identity_attack_flag,post,index
10/1/2019,1.00,-27.00,0.19709451,0.010587059,0.10180848,0.00275652,0.064711373,0.01305049,0.176470588,0.098039216,0.093137255,0.068627451,0.049019608,0.004901961,0,1782.720588
10/2/2019,2.00,-26.00,0.226703123,0.00994653,0.135556625,0.004322429,0.069706814,0.007624826,0.220820189,0.119873817,0.141955836,0.056782334,0.050473186,0,0,4200.290221
10/3/2019,3.00,-25.00,0.246263,0.010897857,0.160213571,0.001088643,0.098586464,0.005882857,0.221428571,0.15,0.164285714,0.053571429,0.082142857,0,0,3742.310714
10/4/2019,4.00,-24.00,0.23971247,0.010991719,0.155001961,0.00189586,0.081432203,0.012488354,0.217917676,0.138014528,0.162227603,0.07748184,0.06779661,0.002421308,0,4382.169492
10/5/2019,5.00,-23.00,0.297081093,0.014791557,0.190636885,0.004347322,0.113164973,0.013726639,0.295081967,0.172131148,0.193989071,0.073770492,0.087431694,0.00273224,0,4861.019126
10/6/2019,6.00,-22.00,0.21680965,0.008314052,0.126252828,0.003276618,0.076073761,0.010037347,0.209912536,0.102040816,0.137026239,0.06122449,0.049562682,0,0,4399.577259
10/7/2019,7.00,-21.00,0.192512718,0.005572386,0.110396473,0.002095041,0.059650477,0.008656369,0.182572614,0.091286307,0.112033195,0.060165975,0.049792531,0,0,7251.66805
10/8/2019,8.00,-20.00,0.204725411,0.007417579,0.113336505,0.001651916,0.068116695,0.009226463,0.197894737,0.105263158,0.124210526,0.065263158,0.044210526,0.002105263,0,2997.425263
10/9/2019,9.00,-19.00,0.231056389,0.012822799,0.152202454,0.004449371,0.087982475,0.013620771,0.229208925,0.15010142,0.170385396,0.101419878,0.060851927,0,0,5859.085193
10/10/2019,10.00,-18.00,0.229663873,0.011450451,0.142071004,0.003242049,0.083555943,0.009671045,0.221311475,0.114754098,0.141393443,0.053278689,0.073770492,0,0,5755.668033
10/11/2019,11.00,-17.00,0.248259931,0.009025698,0.152595606,0.00260984,0.063951991,0.007188032,0.228832952,0.137299771,0.153318078,0.075514874,0.036613272,0.00228833,0,6132.798627
10/12/2019,12.00,-16.00,0.178625014,0.007303324,0.101077956,0.000931253,0.051692098,0.004998828,0.152588556,0.073569482,0.103542234,0.046321526,0.035422343,0.002724796,0,4756.3297
10/13/2019,13.00,-15.00,0.217419793,0.006692332,0.127390363,0.001343782,0.070136891,0.005126969,0.204663212,0.113989637,0.134715026,0.064766839,0.049222798,0,0,5854.764249
10/14/2019,14.00,-14.00,0.222662846,0.009446965,0.149012412,0.001774201,0.072618293,0.00795271,0.211382114,0.140921409,0.151761518,0.046070461,0.043360434,0.002710027,0,6053.840108
10/15/2019,15.00,-13.00,0.211800032,0.008277668,0.120763642,0.001797029,0.070665144,0.011020863,0.188498403,0.10543131,0.118210863,0.047923323,0.060702875,0.003194888,0,4881.392971
10/16/2019,16.00,-12.00,0.238712776,0.007620283,0.150535527,0.001533625,0.072620411,0.009822545,0.221079692,0.128534704,0.151670951,0.059125964,0.051413882,0,0,6747.095116
10/17/2019,17.00,-11.00,0.248030757,0.009620046,0.157612729,0.003772936,0.089613761,0.013116239,0.233944954,0.153669725,0.167431193,0.073394495,0.077981651,0.006880734,0,3570.853211
10/18/2019,18.00,-10.00,0.257612274,0.011607881,0.155406954,0.001758278,0.092512384,0.015415563,0.258278146,0.143487859,0.156732892,0.099337748,0.070640177,0.006622517,0,7981.174393
10/19/2019,19.00,-9.00,0.292120758,0.011424481,0.178999868,0.003154283,0.102409522,0.011549259,0.28830313,0.161449753,0.18616145,0.090609555,0.092257002,0.003294893,0,8465.759473
10/20/2019,20.00,-8.00,0.243179224,0.008091106,0.129481929,0.002803812,0.071656047,0.018014894,0.216470588,0.138823529,0.124705882,0.089411765,0.051764706,0.009411765,0,6605.534118
10/21/2019,21.00,-7.00,0.218655242,0.009348668,0.125419498,0.002703183,0.078285017,0.008356038,0.190311419,0.105536332,0.124567474,0.065743945,0.064013841,0,0,9321.50346
10/22/2019,22.00,-6.00,0.297353595,0.014403886,0.154444489,0.005681582,0.113721302,0.019248342,0.283100108,0.160387513,0.153928956,0.107642626,0.09795479,0.009687836,0,9051.62648
10/23/2019,23.00,-5.00,0.291806094,0.01412735,0.169595729,0.005568266,0.121645972,0.014442326,0.277147488,0.1726094,0.170178282,0.100486224,0.11102107,0.003241491,0,12018.66532
10/24/2019,24.00,-4.00,0.246754782,0.011010021,0.13155806,0.003139782,0.091070622,0.015117967,0.231327801,0.132780083,0.131742739,0.074688797,0.074688797,0.005186722,0,12378.9751
10/25/2019,25.00,-3.00,0.250686134,0.013726071,0.147493697,0.004478372,0.097937647,0.016792027,0.232142857,0.146008403,0.150210084,0.090336134,0.078781513,0.004201681,0,11249.58824
10/26/2019,26.00,-2.00,0.229324322,0.009545631,0.128082418,0.002801121,0.075821589,0.011904521,0.211448598,0.123831776,0.126168224,0.073598131,0.057242991,0.002336449,0,11808.25818
10/27/2019,27.00,-1.00,0.295507085,0.017952418,0.165235446,0.005818881,0.121007446,0.018227446,0.28700565,0.170621469,0.161581921,0.08700565,0.100564972,0.012429379,0,8198.133333
10/28/2019,28.00,0.00,0.171700971,0.005985092,0.092934514,0.001037218,0.055390577,0.006447402,0.149606299,0.078740157,0.091863517,0.041994751,0.049868766,0,1,16547.08661
10/29/2019,29.00,1.00,0.260878976,0.012495249,0.153464318,0.005027717,0.101192769,0.011693596,0.257217848,0.157480315,0.158792651,0.065616798,0.082677165,0.002624672,1,16831.87139
10/30/2019,30.00,2.00,0.254191322,0.01472788,0.150824918,0.004145913,0.100793519,0.014064689,0.243715847,0.147540984,0.155191257,0.095081967,0.087431694,0.004371585,1,14619.42077
10/31/2019,31.00,3.00,0.26350625,0.01385647,0.162310197,0.006486597,0.0982361,0.014922118,0.252314815,0.15625,0.166666667,0.100694444,0.081018519,0.006944444,1,14475.90278
11/1/2019,32.00,4.00,0.219014261,0.008129742,0.123914118,0.002849842,0.075726141,0.012018121,0.193687231,0.114777618,0.1276901,0.047345768,0.058823529,0.004304161,1,10096.01291
11/2/2019,33.00,5.00,0.248854643,0.011199496,0.151278991,0.004250452,0.083699096,0.0128904,0.229565217,0.130434783,0.156521739,0.090434783,0.059130435,0.006956522,1,11818.28
11/3/2019,34.00,6.00,0.227404229,0.008185471,0.125494786,0.006304729,0.089795914,0.007382671,0.208571429,0.122857143,0.128571429,0.051428571,0.068571429,0,1,14857.47286
11/4/2019,35.00,7.00,0.225883596,0.009705215,0.137559183,0.002809212,0.081069747,0.008005617,0.208023774,0.129271917,0.145616642,0.078751857,0.068350669,0.001485884,1,13141.8321
11/5/2019,36.00,8.00,0.247429197,0.01071151,0.151006612,0.00182966,0.08587083,0.011640109,0.240816327,0.142857143,0.157823129,0.08707483,0.069387755,0.002721088,1,15279.93061
11/6/2019,37.00,9.00,0.252484032,0.0092812,0.151830368,0.002593442,0.082172737,0.009295611,0.242105263,0.135789474,0.157894737,0.069473684,0.06,0,1,13637.39053
11/7/2019,38.00,10.00,0.241175593,0.011124754,0.150275114,0.002900886,0.084295593,0.010431737,0.225149701,0.135329341,0.150898204,0.076646707,0.064670659,0.003592814,1,16734.22994
11/8/2019,39.00,11.00,0.265638037,0.012741702,0.166315131,0.005688901,0.087184908,0.00892555,0.240837696,0.162303665,0.167539267,0.078534031,0.064136126,0.001308901,1,14267.94503
11/9/2019,40.00,12.00,0.269749566,0.013059958,0.169188462,0.005350098,0.088147594,0.008407692,0.254545455,0.148251748,0.170629371,0.097902098,0.072727273,0,1,15078.17063
11/10/2019,41.00,13.00,0.274364781,0.012920083,0.171707354,0.004185771,0.100328802,0.009454208,0.261458333,0.160416667,0.175,0.091666667,0.082291667,0,1,16643.20625
11/11/2019,42.00,14.00,0.216919144,0.007270511,0.131137491,0.003120642,0.068372782,0.009754411,0.208085612,0.115338882,0.134363853,0.065398335,0.047562426,0.002378121,1,17485.17479
11/12/2019,43.00,15.00,0.227554136,0.013341446,0.140381017,0.00542296,0.088257695,0.013583209,0.206779661,0.133333333,0.141242938,0.084745763,0.074576271,0.009039548,1,17900.27345
11/13/2019,44.00,16.00,0.235279404,0.010578388,0.137614675,0.004717873,0.080883062,0.009214756,0.230352304,0.127371274,0.138211382,0.070460705,0.06097561,0.001355014,1,16866.49322
11/14/2019,45.00,17.00,0.214676478,0.008969135,0.134457007,0.002818594,0.082228846,0.00644863,0.205528846,0.117788462,0.135817308,0.049278846,0.069711538,0.001201923,1,17072.44351
11/15/2019,46.00,18.00,0.216145538,0.007079165,0.130598668,0.003000401,0.070120225,0.007323596,0.208667737,0.121990369,0.134831461,0.051364366,0.051364366,0,1,11385.29374
11/16/2019,47.00,19.00,0.240562026,0.009654428,0.152426512,0.002643242,0.075252185,0.009171592,0.234442836,0.141823444,0.15918958,0.07959479,0.052098408,0.001447178,1,15267.69754
11/17/2019,48.00,20.00,0.189293118,0.00679458,0.104906171,0.004517245,0.056482393,0.008189301,0.165588616,0.09702458,0.106080207,0.071151358,0.037516171,0.001293661,1,14174.09444
11/18/2019,49.00,21.00,0.208301267,0.00930584,0.116560827,0.002479653,0.063987147,0.00670224,0.186666667,0.101333333,0.108,0.062666667,0.049333333,0.001333333,1,18720.008
11/19/2019,50.00,22.00,0.232469257,0.010950904,0.144607669,0.002933167,0.075717069,0.007226014,0.211993243,0.125,0.149493243,0.065878378,0.058277027,0.001689189,1,21583.95355
11/20/2019,51.00,23.00,0.211477112,0.00869262,0.13597627,0.001903556,0.069433757,0.007462941,0.192513369,0.114973262,0.13368984,0.064171123,0.050802139,0,1,18321.3008
11/21/2019,52.00,24.00,0.226666769,0.008706783,0.135905916,0.00326007,0.067213874,0.009964266,0.208391608,0.124475524,0.141258741,0.068531469,0.046153846,0.004195804,1,17836.28671
11/22/2019,53.00,25.00,0.20581156,0.00735052,0.120822064,0.002364526,0.060541453,0.007161223,0.19266055,0.105504587,0.119266055,0.056574924,0.0382263,0.001529052,1,14632.79358
11/23/2019,54.00,26.00,0.19617435,0.006951643,0.101334657,0.003122455,0.054312022,0.009252329,0.182310469,0.086642599,0.093862816,0.057761733,0.030685921,0.003610108,1,16879.25993
11/24/2019,55.00,27.00,0.19230101,0.006277349,0.109496115,0.003375933,0.059363198,0.006816508,0.16970547,0.091164095,0.10799439,0.044880785,0.047685835,0.001402525,1,10962.37307
11/25/2019,56.00,28.00,0.224569047,0.010731137,0.142667308,0.004817559,0.076825117,0.007563027,0.210702341,0.135451505,0.14548495,0.058528428,0.053511706,0.003344482,1,18909.73244
11/26/2019,57.00,29.00,0.23715,0.008401335,0.138509417,0.002564175,0.077443762,0.009208301,0.237864078,0.116504854,0.137135922,0.049757282,0.061893204,0.002427184,1,18518.47573
11/27/2019,58.00,30.00,0.291445259,0.014675395,0.182802357,0.0087947,0.105135995,0.015404346,0.280653951,0.18119891,0.188010899,0.113079019,0.088555858,0.005449591,1,20432.38828
11/28/2019,59.00,31.00,0.23739375,0.009986116,0.146995699,0.004331774,0.080629207,0.009828401,0.220430108,0.135752688,0.150537634,0.084677419,0.052419355,0,1,20081.47446
11/29/2019,60.00,32.00,0.226835079,0.0086047,0.129240489,0.006388691,0.073464022,0.011315505,0.216088328,0.130914826,0.129337539,0.082018927,0.045741325,0.003154574,1,14346.14511
11/30/2019,61.00,33.00,0.248240718,0.011607968,0.15544736,0.0043032,0.087218723,0.008815681,0.233576642,0.137469586,0.153284672,0.075425791,0.068126521,0.001216545,1,19803.77372
